,timestamp,open,high,low,close,volume
0,20/12/2024,59.08,59.89,58.92,59.61,412100
1,19/12/2024,59.64,59.64,59.28,59.29,355000
2,18/12/2024,60.52,60.52,59.19,59.37,602500
3,17/12/2024,60.46,60.69,60.41,60.58,165200
4,16/12/2024,60.6,60.93,60.56,60.77,136900
5,13/12/2024,60.82,60.88,60.58,60.7,196800
6,12/12/2024,61.11,61.11,60.69,60.8,217300
7,11/12/2024,61.2,61.36,61.1,61.22,200200
8,10/12/2024,61.06,61.18,60.94,61.02,105100
9,09/12/2024,61.2,61.36,60.95,61.15,66800
10,06/12/2024,61.18,61.5,61.18,61.31,115600
11,05/12/2024,60.44,61.17,60.41,61.04,57700
12,04/12/2024,60.93,61.22,60.8,60.88,132300
13,03/12/2024,60.95,61.18,60.68,60.81,201000
14,02/12/2024,61.05,61.29,60.84,61.08,130400
15,29/11/2024,60.72,61.09,60.72,61,59600
16,28/11/2024,60.9,61.02,60.79,60.83,18200
17,27/11/2024,60.52,60.87,60.52,60.86,37800
18,26/11/2024,60.23,60.66,60.07,60.6,87900
19,25/11/2024,60.56,60.72,60.32,60.35,165500
20,22/11/2024,60.11,60.36,60.11,60.29,131700
21,21/11/2024,59.59,60.29,59.49,60.17,241200
22,20/11/2024,59.7,59.71,59.43,59.71,175900
23,19/11/2024,59.11,59.65,58.99,59.64,156300
24,18/11/2024,59.46,59.72,59.43,59.53,125700
25,15/11/2024,59.71,59.78,59.38,59.54,236700
26,14/11/2024,59.68,60,59.68,59.82,119600
27,13/11/2024,59.59,59.69,59.4,59.5,115300
28,12/11/2024,59.68,59.68,59.27,59.55,230000
29,11/11/2024,59.41,59.9,59.41,59.67,121600
30,08/11/2024,59.14,59.15,58.89,59.13,70900
31,07/11/2024,58.9,59.32,58.9,59.15,230700
32,06/11/2024,58.88,58.94,58.25,58.86,447900
33,05/11/2024,57.49,57.92,57.49,57.88,136100
34,04/11/2024,57.27,57.7,57.23,57.45,186900
35,01/11/2024,57.1,57.47,57.1,57.4,227000
36,31/10/2024,57.38,57.39,56.77,56.92,269000
37,30/10/2024,57.55,57.94,57.55,57.72,115800
38,29/10/2024,57.82,57.88,57.56,57.73,151600
39,28/10/2024,57.38,57.91,57.38,57.86,141600
40,25/10/2024,57.72,57.95,57.38,57.47,109600
41,24/10/2024,57.4,57.77,57.4,57.74,81000
42,23/10/2024,57.52,57.7,57.23,57.61,106000
43,22/10/2024,57.51,57.71,57.29,57.67,169200
44,21/10/2024,58.09,58.18,57.68,57.8,203500
45,18/10/2024,58.01,58.25,57.86,58.14,155700
46,17/10/2024,57.77,58.09,57.77,58.01,1262400
47,16/10/2024,57.27,57.72,57.27,57.66,151800
48,15/10/2024,57.04,57.34,57,57.24,135400
49,11/10/2024,56.6,57.22,56.6,57.07,260800
50,10/10/2024,56.45,56.65,56.35,56.64,152800
51,09/10/2024,56.5,56.81,56.5,56.75,104900
52,08/10/2024,56.42,56.75,56.31,56.53,176200
53,07/10/2024,56.73,56.82,56.31,56.56,260300
54,04/10/2024,56.55,56.84,56.55,56.76,341600
55,03/10/2024,56.33,56.35,56.04,56.29,201400
56,02/10/2024,56.4,56.67,56.3,56.41,327200
57,01/10/2024,56.5,56.62,56.11,56.5,407400
58,30/09/2024,56.27,56.68,56.27,56.64,103800
59,27/09/2024,56.59,56.79,56.53,56.54,100000
60,26/09/2024,56.14,56.75,56.14,56.53,101900
61,25/09/2024,55.91,56.08,55.83,56.02,76500
62,24/09/2024,56.18,56.21,55.97,56,92000
63,23/09/2024,56.38,56.38,55.99,56.25,133300
64,20/09/2024,56.27,56.47,56.05,56.34,356900
65,19/09/2024,56.15,56.34,55.85,56.31,366400
66,18/09/2024,55.69,55.86,55.43,55.59,233000
67,17/09/2024,55.87,55.88,55.57,55.73,95300
68,16/09/2024,55.44,55.74,55.38,55.69,108400
69,13/09/2024,55.26,55.49,55.19,55.32,210900
70,12/09/2024,54.82,55.17,54.73,55.17,164300
71,11/09/2024,54.27,54.82,53.97,54.81,187300
72,10/09/2024,54.2,54.35,53.76,54.35,218500
73,09/09/2024,53.67,54.32,53.67,54.24,172200
74,06/09/2024,53.72,54.14,53.22,53.48,216900
75,05/09/2024,53.71,53.94,53.57,53.73,265100
76,04/09/2024,53.25,53.7,53.25,53.68,193600
77,03/09/2024,53.45,53.67,53.3,53.42,183600
78,30/08/2024,53.16,53.7,53.16,53.64,291900
79,29/08/2024,53.08,53.45,53.06,53.14,347300
80,28/08/2024,52.78,53.1,52.66,52.8,87700
81,27/08/2024,52.38,52.74,52.36,52.67,187800
82,26/08/2024,52.85,52.97,52.77,52.83,259900
83,23/08/2024,52.3,52.93,52.3,52.78,474500
84,22/08/2024,52.11,52.15,51.85,52.14,70700
85,21/08/2024,51.97,52.21,51.96,52.2,114800
86,20/08/2024,51.94,52.09,51.87,52.03,153400
87,19/08/2024,51.92,52.24,51.92,52.07,198500
88,16/08/2024,51.66,51.9,51.58,51.9,117800
89,15/08/2024,51.5,51.79,51.44,51.64,291400
90,14/08/2024,50.85,51.22,50.85,51.19,257600
91,13/08/2024,50.36,50.75,50.36,50.72,320600
92,12/08/2024,50.34,50.34,49.99,50.08,237000
93,09/08/2024,49.99,50.34,49.96,50.32,421900
94,08/08/2024,49.41,50.12,49.41,49.96,696000
95,07/08/2024,50.26,50.26,49.05,49.26,382300
96,06/08/2024,49.34,49.94,49.15,49.82,653000
97,02/08/2024,50.91,50.91,50.02,50.32,1029600
98,01/08/2024,52.45,52.45,51.35,51.55,410900
99,31/07/2024,52.3,52.65,52.11,52.38,176500
100,30/07/2024,51.88,52.31,51.88,52.06,261400
101,29/07/2024,51.95,52,51.63,51.78,157900
102,26/07/2024,51.56,51.86,51.56,51.83,559100
103,25/07/2024,51.2,51.72,51.12,51.47,82100
104,24/07/2024,51.42,51.62,51.25,51.27,164000
105,23/07/2024,51.71,51.75,51.42,51.6,171100
106,22/07/2024,51.51,51.73,51.33,51.71,201400
107,19/07/2024,51.3,51.56,51.17,51.24,220300
108,18/07/2024,51.59,51.8,51.24,51.44,223600
109,17/07/2024,51.18,51.61,51.18,51.54,307200
110,16/07/2024,51.29,51.58,51.18,51.54,141100
111,15/07/2024,51.05,51.26,50.98,51.17,139600
112,12/07/2024,50.65,51.08,50.65,50.91,405600
113,11/07/2024,50.4,50.67,50.37,50.56,386100
114,10/07/2024,49.84,50.26,49.84,50.24,348700
115,09/07/2024,49.46,49.83,49.42,49.69,140600
116,08/07/2024,49.28,49.58,49.28,49.55,74300
117,05/07/2024,49.79,49.8,49.24,49.24,276800
118,04/07/2024,49.8,49.93,49.73,49.75,37300
119,03/07/2024,49.33,49.81,49.33,49.8,278500
120,02/07/2024,48.75,49.25,48.63,49.22,204100
121,28/06/2024,48.92,49.15,48.77,48.91,303600
122,27/06/2024,48.63,48.91,48.56,48.87,242800
123,26/06/2024,48.52,48.62,48.27,48.58,232300
124,25/06/2024,48.81,48.84,48.54,48.76,200600
125,24/06/2024,48.26,48.98,48.26,48.97,204300
126,21/06/2024,48,48.2,47.91,48.13,182500
127,20/06/2024,48.13,48.31,48.01,48.06,131700
128,19/06/2024,48.31,48.46,48.11,48.17,45100
129,18/06/2024,48.24,48.63,48.24,48.44,221500
130,17/06/2024,48.17,48.36,48.02,48.31,208000
131,14/06/2024,48.41,48.41,47.9,48.38,193100
132,13/06/2024,49.05,49.05,48.53,48.61,271500
133,12/06/2024,49.34,49.55,49.14,49.21,251000
134,11/06/2024,49.26,49.3,48.94,48.98,248200
135,10/06/2024,49.34,49.57,49.3,49.51,130700
136,07/06/2024,49.51,49.68,49.45,49.57,100800
137,06/06/2024,49.76,49.98,49.63,49.71,68000
138,05/06/2024,49.92,50,49.59,49.85,185800
139,04/06/2024,49.64,49.85,49.45,49.74,360100
140,03/06/2024,49.92,50.1,49.56,49.88,291700
141,31/05/2024,49.73,50,49.29,49.98,231600
142,30/05/2024,49.1,49.73,49.1,49.67,303300
143,29/05/2024,49.48,49.48,48.74,48.75,312800
144,28/05/2024,50.25,50.25,49.83,49.91,204700
145,27/05/2024,50.37,50.52,50.37,50.45,28100
146,24/05/2024,50.02,50.48,50.02,50.41,302000
147,23/05/2024,50.42,50.52,49.86,50.05,216500
148,22/05/2024,50.2,50.44,50.15,50.26,337000
149,21/05/2024,50.47,50.76,50.4,50.61,97400
150,17/05/2024,50.46,50.71,50.42,50.71,126100
151,16/05/2024,50.39,50.59,50.36,50.45,105000
152,15/05/2024,50.4,50.45,50.26,50.39,206200
153,14/05/2024,50.35,50.42,50.16,50.23,316300
154,13/05/2024,50.31,50.46,50.18,50.24,230100
155,10/05/2024,50.22,50.34,50.18,50.2,211700
156,09/05/2024,49.92,50.23,49.92,50.23,192000
157,08/05/2024,49.35,49.93,49.35,49.91,136900
158,07/05/2024,49.65,49.77,49.52,49.54,85800
159,06/05/2024,49.12,49.56,49.12,49.54,287300
160,03/05/2024,49.03,49.13,48.87,49.01,161700
161,02/05/2024,48.87,49.02,48.62,48.8,212300
162,01/05/2024,48.33,49.03,48.33,48.73,239000
163,30/04/2024,48.46,48.8,48.46,48.48,158900
164,29/04/2024,48.69,48.82,48.46,48.67,190300
165,26/04/2024,48.51,48.74,48.48,48.69,114100
166,25/04/2024,48.19,48.49,47.92,48.45,168500
167,24/04/2024,48.71,48.94,48.42,48.59,141600
168,23/04/2024,48.82,49.02,48.75,48.96,237200
169,22/04/2024,48.52,48.87,48.49,48.74,213800
170,19/04/2024,48.05,48.52,48.05,48.47,263700
171,18/04/2024,48.09,48.36,47.89,48.11,264400
172,17/04/2024,48.11,48.42,47.83,48.05,271100
173,16/04/2024,48.22,48.23,47.82,47.99,354100
174,15/04/2024,48.95,49.16,48.21,48.36,144500
175,12/04/2024,48.95,49.01,48.49,48.66,415300
176,11/04/2024,49.26,49.27,48.81,49.1,231700
177,10/04/2024,49.66,49.66,49.1,49.31,331500
178,09/04/2024,50.07,50.14,49.64,50.06,143000
179,08/04/2024,49.85,50.01,49.85,49.99,106200
180,05/04/2024,49.53,49.87,49.45,49.75,346000
181,04/04/2024,49.7,49.91,49.28,49.37,196400
182,03/04/2024,49.18,49.63,49.18,49.43,107600
183,02/04/2024,49.52,49.58,49.27,49.31,192500
184,01/04/2024,50.05,50.05,49.64,49.83,157000
185,28/03/2024,49.95,50.18,49.9,50.04,263100
186,27/03/2024,49.58,49.9,49.58,49.9,60700
187,26/03/2024,49.5,49.72,49.35,49.47,131600
188,25/03/2024,49.51,49.82,49.46,49.48,228300
189,22/03/2024,49.86,50,49.56,49.58,101000
190,21/03/2024,49.95,50.25,49.95,50.07,118300
191,20/03/2024,49.46,49.8,49.41,49.74,100700
192,19/03/2024,49.34,49.55,49.34,49.39,111800
193,18/03/2024,49.34,49.38,49.12,49.26,139300
194,15/03/2024,49.17,49.45,49.14,49.31,170000
195,14/03/2024,49.7,49.7,49.11,49.33,172900
196,13/03/2024,49.6,49.8,49.57,49.71,174000
197,12/03/2024,49.52,49.58,49.31,49.56,167000
198,11/03/2024,49.08,49.47,49.04,49.44,130100
199,08/03/2024,49.41,49.5,49.2,49.28,214700
200,07/03/2024,49.2,49.39,49.16,49.34,119900
201,06/03/2024,49.2,49.39,48.96,49.07,222800
202,05/03/2024,48.79,49.14,48.79,48.98,489200
203,04/03/2024,48.61,48.98,48.61,48.77,91500
204,01/03/2024,48.62,48.94,48.57,48.77,235000
205,29/02/2024,48.59,48.6,48.22,48.55,124200
206,28/02/2024,48.38,48.59,48.25,48.25,99800
207,27/02/2024,48.29,48.44,48.2,48.37,293100
208,26/02/2024,48.72,49.06,48.44,48.49,588300
209,23/02/2024,48.6,48.93,48.6,48.84,190300
210,22/02/2024,48.5,48.84,48.45,48.71,219900
211,21/02/2024,48.54,48.54,48.15,48.28,191700
212,20/02/2024,48.29,48.75,48.28,48.6,356400
213,16/02/2024,48.4,48.66,48.39,48.45,315600
214,15/02/2024,47.9,48.55,47.9,48.4,304400
215,14/02/2024,47.16,47.63,47.16,47.62,207300
216,13/02/2024,47.25,47.38,46.51,46.85,387800
217,12/02/2024,47.52,47.88,47.5,47.72,202800
218,09/02/2024,47.11,47.53,47.06,47.5,261700
219,08/02/2024,47.32,47.32,46.76,47.15,548800
220,07/02/2024,47.49,47.53,47.21,47.43,343100
221,06/02/2024,47.25,47.53,47.25,47.49,47200
222,05/02/2024,47.5,47.5,47.08,47.29,142000
223,02/02/2024,47.53,47.61,47.19,47.56,135200
224,01/02/2024,47.7,47.76,47.13,47.6,175800
225,31/01/2024,48.12,48.26,47.67,47.7,250900
226,30/01/2024,48.16,48.33,48.04,48.23,79800
227,29/01/2024,47.95,48.17,47.74,48.17,156900
228,26/01/2024,47.84,48.03,47.84,48,78800
229,25/01/2024,47.96,47.97,47.73,47.96,130200
230,24/01/2024,47.88,48.14,47.88,47.97,267300
231,23/01/2024,47.75,47.85,47.6,47.73,100500
232,22/01/2024,47.61,47.7,47.42,47.68,191000
233,19/01/2024,46.9,47.54,46.81,47.5,114500
234,18/01/2024,46.84,47.06,46.74,46.93,160700
235,17/01/2024,46.7,46.87,46.51,46.75,177200
236,16/01/2024,46.98,47.15,46.74,47.14,164400
237,15/01/2024,47.04,47.23,46.86,47.21,71800
238,12/01/2024,47.35,47.53,46.99,47.06,96300
239,11/01/2024,47.6,47.64,46.95,47.23,216800
240,10/01/2024,47.72,47.96,47.66,47.68,191000
241,09/01/2024,48.15,48.15,47.7,47.84,329100
242,08/01/2024,47.89,48.3,47.89,48.3,99800
243,05/01/2024,47.56,48.03,47.56,47.89,202000
244,04/01/2024,47.37,47.91,47.37,47.66,163500
245,03/01/2024,47.59,47.62,47.3,47.46,201200
246,02/01/2024,47.75,47.94,47.65,47.8,128300
247,29/12/2023,47.89,48.05,47.84,48.01,86700
248,28/12/2023,47.83,48.11,47.82,47.92,109300
249,27/12/2023,47.81,48.3,47.81,48.11,101900
250,22/12/2023,47.54,47.86,47.54,47.81,142600
251,21/12/2023,47.32,47.69,47.32,47.52,276300
252,20/12/2023,47.5,47.7,47.12,47.15,184800
253,19/12/2023,47.06,47.55,47.06,47.52,181200
254,18/12/2023,46.78,47.03,46.75,46.93,126300
255,15/12/2023,47.13,47.25,46.65,46.71,299700
256,14/12/2023,46.8,47.21,46.8,47.13,388500
257,13/12/2023,45.61,46.55,45.36,46.54,374000
258,12/12/2023,45.69,45.74,45.53,45.7,191100
259,11/12/2023,45.51,45.75,45.31,45.74,153800
260,08/12/2023,45.14,45.56,45.14,45.48,249600
261,07/12/2023,45.24,45.24,45,45.17,154900
262,06/12/2023,45.36,45.6,45.16,45.18,167200
263,05/12/2023,45.01,45.26,45.01,45.15,111200
264,04/12/2023,44.85,45.19,44.8,45.1,73100
265,01/12/2023,44.65,45.05,44.5,45.04,359400
266,30/11/2023,44.48,44.77,44.31,44.73,401700
267,29/11/2023,43.78,44.37,43.78,44.24,340900
268,28/11/2023,43.55,43.76,43.33,43.7,302300
269,27/11/2023,44.05,44.13,43.88,44,81200
270,24/11/2023,44.05,44.34,44.05,44.19,152300
271,23/11/2023,44.27,44.35,44.14,44.14,46500
272,22/11/2023,44.22,44.43,44.01,44.17,209600
273,21/11/2023,44.5,44.56,44.22,44.24,131500
274,20/11/2023,44.58,44.82,44.44,44.75,184200
275,17/11/2023,44.43,44.66,44.43,44.58,325500
276,16/11/2023,44.31,44.43,44.19,44.31,278900
277,15/11/2023,44.23,44.48,44.21,44.31,210100
278,14/11/2023,43.64,44.21,43.64,44.12,253900
279,13/11/2023,43.03,43.4,42.97,43.19,104200
280,10/11/2023,43.04,43.15,42.85,43.09,161100
281,09/11/2023,42.96,43.37,42.94,42.98,385100
282,08/11/2023,42.71,42.93,42.62,42.74,334000
283,07/11/2023,42.78,42.89,42.6,42.66,181800
284,06/11/2023,43.13,43.28,42.77,42.94,177200
285,03/11/2023,42.74,43.18,42.69,42.99,282800
286,02/11/2023,41.69,42.46,41.69,42.42,367200
287,01/11/2023,40.95,41.26,40.82,41.25,357100
288,31/10/2023,40.84,40.95,40.6,40.85,209700
289,30/10/2023,40.47,40.94,40.47,40.76,449200
290,27/10/2023,40.86,40.86,40.09,40.21,269600
291,26/10/2023,40.48,40.98,40.34,40.8,356500
292,25/10/2023,40.56,40.84,40.34,40.52,430000
293,24/10/2023,41.23,41.23,40.6,40.78,356000
294,23/10/2023,40.89,41.46,40.83,41.07,209600
295,20/10/2023,41.71,41.8,41.08,41.09,396200
296,19/10/2023,42.35,42.42,41.89,41.94,383400
297,18/10/2023,42.96,42.96,42.36,42.36,286400
298,17/10/2023,42.85,43.37,42.85,43.13,166200
299,16/10/2023,42.8,43.09,42.63,43.06,116000
300,13/10/2023,43.15,43.28,42.54,42.58,271400
301,12/10/2023,43.27,43.27,42.77,42.96,191000
302,11/10/2023,42.94,43.35,42.94,43.32,333700
303,10/10/2023,42.48,42.91,42.47,42.82,167800
304,06/10/2023,42.1,42.56,41.68,42.48,169800
305,05/10/2023,42.07,42.34,42,42.31,149000
306,04/10/2023,41.77,42.04,41.36,42.04,236400
307,03/10/2023,42.13,42.18,41.64,41.76,338500
308,02/10/2023,43.17,43.18,42.35,42.38,206900
309,29/09/2023,43.5,43.6,43.14,43.18,131400
310,28/09/2023,42.83,43.41,42.81,43.3,247500
311,27/09/2023,43.46,43.46,42.74,42.83,155100
312,26/09/2023,43.64,43.74,43.27,43.31,106800
313,25/09/2023,43.72,43.92,43.59,43.8,69900
314,22/09/2023,44.2,44.28,44,44.03,117500
315,21/09/2023,44.75,44.76,44.15,44.15,294700
316,20/09/2023,44.96,45.17,44.96,44.96,146800
317,19/09/2023,45.17,45.19,44.88,44.92,168600
318,18/09/2023,45.43,45.43,45.16,45.3,132100
319,15/09/2023,45.2,45.45,45.2,45.43,266600
320,14/09/2023,44.99,45.27,44.96,45.25,349400
321,13/09/2023,44.5,44.8,44.48,44.7,184600
322,12/09/2023,44.26,44.52,44.22,44.4,117300
323,11/09/2023,43.99,44.37,43.85,44.32,234700
324,08/09/2023,43.81,43.98,43.67,43.89,168700
325,07/09/2023,44.18,44.26,43.9,43.93,176100
326,06/09/2023,44.41,44.46,44.02,44.18,236700
327,05/09/2023,44.66,44.86,44.47,44.48,182500
328,01/09/2023,44.42,44.9,44.42,44.8,280000
329,31/08/2023,44.53,44.69,44.15,44.26,157300
330,30/08/2023,44.52,44.72,44.5,44.58,171100
331,29/08/2023,43.92,44.54,43.88,44.51,418000
332,28/08/2023,43.58,43.99,43.58,43.96,263900
333,25/08/2023,43.78,43.92,43.2,43.5,269800
334,24/08/2023,43.8,44.05,43.78,43.83,224000
335,23/08/2023,43.62,43.97,43.52,43.89,199300
336,22/08/2023,44.01,44.02,43.41,43.46,227800
337,21/08/2023,44.22,44.22,43.89,43.96,107700
338,18/08/2023,44.13,44.3,44.07,44.17,246300
339,17/08/2023,44.84,44.96,44.36,44.37,197200
340,16/08/2023,44.66,44.81,44.61,44.71,103500
341,15/08/2023,45.45,45.45,44.7,44.82,406200
342,14/08/2023,45.78,45.84,45.55,45.7,236200
343,11/08/2023,45.68,45.94,45.68,45.88,287900
344,10/08/2023,45.58,45.94,45.58,45.8,256500
345,09/08/2023,45.44,45.54,45.29,45.44,107100
346,08/08/2023,45.52,45.59,45.34,45.54,215600
347,04/08/2023,45.32,45.97,45.32,45.74,391700
348,03/08/2023,45.35,45.38,45.16,45.34,134500
349,02/08/2023,45.78,45.84,45.41,45.63,317200
350,01/08/2023,46.26,46.35,45.99,46.14,251800
351,31/07/2023,46.24,46.6,46.24,46.39,146500
352,28/07/2023,46.49,46.55,46.22,46.26,173000
353,27/07/2023,46.41,46.52,46.11,46.17,464800
354,26/07/2023,46.04,46.4,46.04,46.25,261000
355,25/07/2023,46.47,46.47,46.04,46.09,378800
356,24/07/2023,46.4,46.73,46.4,46.51,67000
357,21/07/2023,46.33,46.49,46.25,46.45,365100
358,20/07/2023,46.28,46.28,46.07,46.26,115600
359,19/07/2023,46,46.28,45.92,46.24,90400
360,18/07/2023,45.6,45.96,45.6,45.89,171700
361,17/07/2023,45.26,45.57,45.26,45.57,84500
362,14/07/2023,45.3,45.4,45.25,45.35,87100
363,13/07/2023,44.73,45.21,44.73,45.14,319400
364,12/07/2023,44.62,44.7,44.42,44.62,161600
365,11/07/2023,44.28,44.34,44.13,44.32,93900
366,10/07/2023,44.28,44.41,44.18,44.22,44500
367,07/07/2023,44.03,44.53,44.03,44.33,181700
368,06/07/2023,44.51,44.63,44.13,44.18,108900
369,05/07/2023,44.77,44.95,44.64,44.9,181900
370,04/07/2023,44.92,45.02,44.83,44.97,14400
371,30/06/2023,44.52,44.92,44.52,44.85,376200
372,29/06/2023,44.11,44.37,44.11,44.36,268700
373,28/06/2023,44,44.09,43.9,44.06,176000
374,27/06/2023,43.49,44.02,43.49,43.97,239500
375,26/06/2023,42.94,43.52,42.94,43.43,404400
376,23/06/2023,43.2,43.25,43.06,43.09,160700
377,22/06/2023,43.79,43.79,43.49,43.55,163000
378,21/06/2023,44.09,44.09,43.94,43.95,104200
379,20/06/2023,44.45,44.45,44.15,44.2,100600
380,19/06/2023,44.64,44.65,44.49,44.55,43000
381,16/06/2023,44.71,44.86,44.64,44.65,252500
382,15/06/2023,44.45,44.73,44.41,44.69,483900
383,14/06/2023,44.48,44.65,44.37,44.52,644600
384,13/06/2023,44.06,44.53,44.06,44.4,246300
385,12/06/2023,43.97,44.05,43.84,43.99,131000
386,09/06/2023,43.95,44.1,43.83,43.97,154700
387,08/06/2023,43.92,44.06,43.74,43.97,152500
388,07/06/2023,44,44.13,43.79,44,121100
389,06/06/2023,43.69,44.06,43.6,44.04,190600
390,05/06/2023,44.22,44.22,43.65,43.66,193700
391,02/06/2023,43.39,44.13,43.39,44.11,431100
392,01/06/2023,43.2,43.39,42.95,43.16,198800
393,31/05/2023,43.42,43.45,43.09,43.2,298900
394,30/05/2023,43.98,44.05,43.61,43.67,126700
395,29/05/2023,44.07,44.14,44,44.06,91300
396,26/05/2023,43.53,43.96,43.5,43.93,432000
397,25/05/2023,43.51,43.65,43.22,43.47,377200
398,24/05/2023,44.09,44.1,43.71,43.74,540500
399,23/05/2023,44.7,45.01,44.68,44.69,239900
400,19/05/2023,44.94,45.02,44.6,44.75,182500
401,18/05/2023,44.85,44.86,44.59,44.84,198400
402,17/05/2023,44.63,44.91,44.46,44.89,288800
403,16/05/2023,44.82,44.95,44.48,44.53,297300
404,15/05/2023,44.76,45.1,44.76,45.1,290000
405,12/05/2023,44.89,44.98,44.53,44.74,163800
406,11/05/2023,44.49,44.83,44.33,44.82,210500
407,10/05/2023,44.9,44.91,44.36,44.63,134100
408,09/05/2023,44.58,44.79,44.52,44.77,163500
409,08/05/2023,45.02,45.23,44.89,45.01,254200
410,05/05/2023,44.64,44.99,44.57,44.94,490300
411,04/05/2023,44.7,44.72,44.05,44.22,676500
412,03/05/2023,44.87,45.24,44.76,44.76,527500
413,02/05/2023,45.48,45.56,44.67,44.84,735500
414,01/05/2023,45.82,45.98,45.63,45.63,159000
415,28/04/2023,45.29,45.72,45.29,45.71,162300
416,27/04/2023,45.07,45.53,45.07,45.49,255100
417,26/04/2023,44.72,45.14,44.72,44.89,259300
418,25/04/2023,45.43,45.48,44.83,44.83,368500
419,24/04/2023,45.74,45.74,45.48,45.61,214400
420,21/04/2023,45.86,45.9,45.55,45.88,126800
421,20/04/2023,45.63,45.9,45.63,45.82,83800
422,19/04/2023,45.53,45.88,45.53,45.87,106000
423,18/04/2023,45.41,45.74,45.41,45.7,286700
424,17/04/2023,44.98,45.33,44.96,45.32,178900
425,14/04/2023,45.32,45.36,45.06,45.09,266300
426,13/04/2023,44.83,45.01,44.7,45,127700
427,12/04/2023,44.98,45.13,44.71,44.79,173500
428,11/04/2023,44.64,44.89,44.64,44.79,248200
429,10/04/2023,44.14,44.54,44.14,44.51,160200
430,06/04/2023,44.2,44.37,44.14,44.34,130700
431,05/04/2023,44.11,44.31,43.99,44.31,223400
432,04/04/2023,45,45.05,44.24,44.43,244400
433,03/04/2023,44.72,44.76,44.49,44.76,329800
434,31/03/2023,44.21,44.43,44.21,44.41,234800
435,30/03/2023,44.1,44.22,43.93,44.05,301400
436,29/03/2023,43.66,43.86,43.61,43.84,476200
437,28/03/2023,43.47,43.56,43.2,43.41,183400
438,27/03/2023,43.59,43.59,43.26,43.45,256300
439,24/03/2023,42.74,43.12,42.54,43.12,320700
440,23/03/2023,43.46,43.63,42.95,43.06,488600
441,22/03/2023,43.85,43.91,43.37,43.37,309000
442,21/03/2023,43.89,44.11,43.85,43.85,410900
443,20/03/2023,43.21,43.56,43.21,43.34,346600
444,17/03/2023,43.65,43.65,43,43.1,1157800
445,16/03/2023,43.43,44.32,43.1,43.91,1282400
446,15/03/2023,43.73,43.73,43.25,43.65,1094100
447,14/03/2023,44.95,45.05,44.25,44.49,903600
448,13/03/2023,44.27,44.41,43.6,44.14,1697100
449,10/03/2023,45.79,45.79,44.92,45.06,1692900
450,09/03/2023,46.87,46.87,45.94,46.05,950600
451,08/03/2023,46.91,47.13,46.77,46.91,180200
452,07/03/2023,47.57,47.57,46.67,46.89,436400
453,06/03/2023,47.55,47.82,47.39,47.46,168200
454,03/03/2023,47.27,47.57,47.2,47.47,212900
455,02/03/2023,47.01,47.06,46.7,47.05,289200
456,01/03/2023,47.11,47.33,46.74,47.18,293400
457,28/02/2023,47.39,47.43,47.18,47.38,380100
458,27/02/2023,47.65,47.89,47.47,47.56,224200
459,24/02/2023,47.06,47.51,46.91,47.51,238300
460,23/02/2023,47.62,47.65,47.14,47.27,375800
461,22/02/2023,47.71,47.71,47.41,47.51,297000
462,21/02/2023,48.32,48.34,47.77,47.9,518200
463,17/02/2023,48.24,48.65,48.24,48.56,251800
464,16/02/2023,48.24,48.65,48.23,48.44,266700
465,15/02/2023,48.21,48.4,48.15,48.4,129600
466,14/02/2023,48.47,48.68,48.17,48.41,356400
467,13/02/2023,48.24,48.59,48.24,48.47,103600
468,10/02/2023,48.09,48.3,48,48.21,147600
469,09/02/2023,48.61,48.8,48.19,48.31,147200
470,08/02/2023,48.28,48.52,48.22,48.36,125000
471,07/02/2023,47.75,48.45,47.75,48.38,413400
472,06/02/2023,48.05,48.05,47.75,47.97,273800
473,03/02/2023,48.01,48.42,48.01,48.24,308300
474,02/02/2023,47.97,48.22,47.78,48.05,204500
475,01/02/2023,47.76,47.95,47.53,47.78,423700
476,31/01/2023,47.39,47.79,47.23,47.79,224500
477,30/01/2023,47.31,47.47,47.27,47.3,101200
478,27/01/2023,47.59,47.59,47.31,47.45,216400
479,26/01/2023,47.07,47.52,47.07,47.49,365100
480,25/01/2023,46.71,47.1,46.63,47.04,509800
481,24/01/2023,46.94,47.05,46.8,47.01,215300
482,23/01/2023,46.86,47.08,46.6,47,85500
483,20/01/2023,46.56,46.75,46.32,46.75,120000
484,19/01/2023,46.41,46.57,46.22,46.46,309700
485,18/01/2023,46.8,47.12,46.61,46.61,193300
486,17/01/2023,46.63,46.87,46.57,46.79,227700
487,16/01/2023,46.44,46.74,46.44,46.68,70500
488,13/01/2023,46,46.59,46,46.56,260200
489,12/01/2023,45.91,46.28,45.78,46.14,188400
490,11/01/2023,45.44,45.83,45.44,45.75,258200
491,10/01/2023,45.32,45.45,45.2,45.45,218500
492,09/01/2023,45.26,45.54,45.22,45.29,183400
493,06/01/2023,44.89,45.21,44.81,45.19,174600
494,05/01/2023,44.85,44.87,44.49,44.71,200000
495,04/01/2023,44.54,45.15,44.54,44.99,258900
496,03/01/2023,44.5,44.71,44.28,44.41,133800
497,30/12/2022,44.3,44.38,43.98,44.12,42100
498,29/12/2022,44.08,44.57,44.08,44.52,90900
499,28/12/2022,44.42,44.57,43.99,44.09,267700
500,23/12/2022,44.2,44.52,44.2,44.5,111300
501,22/12/2022,44.32,44.32,43.79,44.21,231400
502,21/12/2022,44.3,44.64,44.3,44.52,319800
503,20/12/2022,43.83,44.32,43.83,44.09,552500
504,19/12/2022,44.21,44.31,43.64,43.77,125300
505,16/12/2022,44,44.36,44,44.17,127400
506,15/12/2022,44.43,44.47,44.08,44.36,257800
507,14/12/2022,45.15,45.24,44.71,44.78,486400
508,13/12/2022,46.04,46.15,44.97,45.16,555000
509,12/12/2022,45.88,45.88,45.4,45.77,347000
510,09/12/2022,45.63,45.99,45.63,45.83,153900
511,08/12/2022,45.86,45.92,45.57,45.69,309300
512,07/12/2022,45.85,46.14,45.79,45.8,143200
513,06/12/2022,46.42,46.42,45.69,45.96,263100
514,05/12/2022,46.63,46.64,46.22,46.42,244000
515,02/12/2022,46.64,47.07,46.63,46.86,104400
516,01/12/2022,47.01,47.12,46.62,46.97,363900
517,30/11/2022,46.58,46.95,46.1,46.94,326500
518,29/11/2022,46.54,46.63,46.2,46.59,225500
519,28/11/2022,46.91,47.17,46.4,46.56,271100
520,25/11/2022,46.98,47.2,46.98,47.05,130000
521,24/11/2022,46.84,47.09,46.77,46.89,105600
522,23/11/2022,46.71,46.92,46.58,46.79,152400
523,22/11/2022,46.25,46.69,46.25,46.62,156900
524,21/11/2022,46.04,46.2,45.94,46.2,166700
525,18/11/2022,46.25,46.4,46.15,46.22,244400
526,17/11/2022,45.7,45.98,45.64,45.97,85700
527,16/11/2022,45.96,46,45.73,45.97,204800
528,15/11/2022,46.42,46.5,45.78,46.09,383800
529,14/11/2022,46.23,46.23,45.95,45.99,370000
530,11/11/2022,46.12,46.39,45.93,46.26,296600
531,10/11/2022,45.3,46.13,45.3,45.95,556600
532,09/11/2022,44.9,44.9,44.41,44.46,318200
533,08/11/2022,45,45.26,44.88,45.01,232700
534,07/11/2022,44.89,45,44.72,44.95,99400
535,04/11/2022,44.26,44.8,44.26,44.71,599800
536,03/11/2022,43.87,44.05,43.68,43.91,501700
537,02/11/2022,44.4,44.78,44.04,44.06,688500
538,01/11/2022,44.74,44.86,44.34,44.43,213600
539,31/10/2022,44.4,44.64,44.27,44.3,238200
540,28/10/2022,44.15,44.51,44.08,44.47,315200
541,27/10/2022,44.04,44.36,43.91,44.06,339900
542,26/10/2022,43.57,44.22,43.54,43.82,227000
543,25/10/2022,43.2,43.74,43.15,43.7,230500
544,24/10/2022,43.45,43.52,43.16,43.41,384900
545,21/10/2022,42.58,43.24,42.41,43.15,645000
546,20/10/2022,43.13,43.25,42.5,42.63,338600
547,19/10/2022,43.48,43.48,42.83,43.13,467600
548,18/10/2022,43.85,44.02,43.55,43.68,399900
549,17/10/2022,43.08,43.51,43.08,43.28,349100
550,14/10/2022,43.14,43.34,42.63,42.64,629700
551,13/10/2022,41.18,42.97,40.9,42.75,1153500
552,12/10/2022,41.5,41.82,41.33,41.6,454400
553,11/10/2022,42.09,42.12,41.45,41.53,599000
554,07/10/2022,43.23,43.23,42.32,42.5,432500
555,06/10/2022,44.25,44.37,43.34,43.52,745700
556,05/10/2022,44.54,44.69,44.4,44.6,367300
557,04/10/2022,44.41,45.1,44.41,44.98,795700
558,03/10/2022,43.37,44.06,43.31,43.79,563700
559,30/09/2022,43.21,43.74,43.12,43.14,256200
560,29/09/2022,43.28,43.28,42.71,43.16,544700
561,28/09/2022,42.88,43.76,42.76,43.59,632600
562,27/09/2022,43.63,43.69,42.87,43.03,489600
563,26/09/2022,43.25,43.67,43.16,43.4,305800
564,23/09/2022,43.84,43.86,43.14,43.47,609300
565,22/09/2022,44.84,44.96,44.4,44.42,222100
566,21/09/2022,45.49,45.49,44.77,44.77,570900
567,20/09/2022,45.51,45.51,44.95,45.3,258100
568,19/09/2022,45.1,45.73,45,45.7,292500
569,16/09/2022,45.36,45.44,45.15,45.4,611600
570,15/09/2022,45.62,46.11,45.62,45.71,496700
571,14/09/2022,45.76,45.87,45.46,45.68,333600
572,13/09/2022,45.84,45.95,45.46,45.59,526900
573,12/09/2022,46.27,46.56,46.21,46.45,450800
574,09/09/2022,45.5,46.01,45.5,45.94,663800
575,08/09/2022,44.37,45.17,44.29,45.17,579500
576,07/09/2022,43.95,44.54,43.8,44.43,328100
577,06/09/2022,44.49,44.5,43.78,44.02,577200
578,02/09/2022,44.46,44.94,44.23,44.37,486900
579,01/09/2022,44.14,44.15,43.54,44.06,506100
580,31/08/2022,44.77,44.81,44.38,44.38,390400
581,30/08/2022,45.42,45.48,44.78,44.86,500500
582,29/08/2022,45.21,45.42,45.07,45.38,250200
583,26/08/2022,46.15,46.3,45.52,45.61,242700
584,25/08/2022,45.82,46.34,45.82,46.01,72800
585,24/08/2022,45.89,46,45.62,45.77,428800
586,23/08/2022,46.53,46.6,46.19,46.26,397200
587,22/08/2022,46.86,46.89,46.52,46.72,514800
588,19/08/2022,47.58,47.58,47.17,47.37,445800
589,18/08/2022,47.68,47.88,47.54,47.76,199800
590,17/08/2022,47.48,47.68,47.4,47.63,337200
591,16/08/2022,47.28,47.84,47.28,47.73,258400
592,15/08/2022,47.12,47.36,47.02,47.36,128500
593,12/08/2022,46.95,47.23,46.82,47.16,246300
594,11/08/2022,46.61,46.82,46.59,46.66,184400
595,10/08/2022,45.82,46.43,45.82,46.31,317200
596,09/08/2022,45.65,45.65,45.33,45.44,267300
597,08/08/2022,45.85,45.92,45.62,45.67,608800
598,05/08/2022,45.68,45.8,45.42,45.8,325600
599,04/08/2022,45.65,45.68,45.47,45.68,198700
600,03/08/2022,45.31,45.78,45.25,45.65,284500
601,02/08/2022,45.14,45.33,44.91,45.13,426900
602,29/07/2022,45.08,45.63,45.08,45.46,145500
603,28/07/2022,44.62,45.03,44.4,44.91,300400
604,27/07/2022,44.35,44.83,44.27,44.64,430000
605,26/07/2022,44.36,44.56,44.08,44.17,189800
606,25/07/2022,44.35,44.63,44.31,44.52,248100
607,22/07/2022,44.49,44.65,44.18,44.35,265500
608,21/07/2022,44.38,44.47,44.06,44.45,154200
609,20/07/2022,44.08,44.41,43.95,44.37,256700
610,19/07/2022,43.47,44.26,43.47,44.13,391200
611,18/07/2022,43.05,43.53,43.05,43.16,408700
612,15/07/2022,42.87,42.87,42.44,42.7,428300
613,14/07/2022,43.46,43.46,42.43,42.48,798700
614,13/07/2022,43.99,43.99,43.32,43.87,350200
615,12/07/2022,44.31,44.66,44.16,44.37,202100
616,11/07/2022,44.65,44.68,44.35,44.45,145500
617,08/07/2022,44.74,44.98,44.56,44.79,129300
618,07/07/2022,44.27,44.9,44.27,44.72,180300
619,06/07/2022,43.99,44.13,43.67,44.07,280300
620,05/07/2022,43.95,44.11,43.47,44.07,408800
621,04/07/2022,44.16,44.56,44.16,44.25,181300
622,30/06/2022,43.76,44.15,43.35,44.07,347100
623,29/06/2022,44.41,44.55,44.06,44.31,293500
624,28/06/2022,44.66,44.97,44.19,44.34,261400
625,27/06/2022,44.25,44.49,43.99,44.32,247400
626,24/06/2022,43.86,44.18,43.83,43.96,247800
627,23/06/2022,44.47,44.55,43.52,43.66,375400
628,22/06/2022,44.59,44.76,44.34,44.47,418900
629,21/06/2022,45.25,45.28,44.94,45.02,257500
630,20/06/2022,44.58,45.01,44.57,44.98,103400
631,17/06/2022,44.46,44.82,44.18,44.41,471200
632,16/06/2022,45.05,45.05,44.19,44.35,455300
633,15/06/2022,45.62,46.01,45.14,45.63,628600
634,14/06/2022,45.66,45.78,45.16,45.39,390800
635,13/06/2022,45.76,45.89,45.47,45.7,630100
636,10/06/2022,47.1,47.1,46.47,46.59,455100
637,09/06/2022,48.04,48.15,47.61,47.65,117900
638,08/06/2022,48.45,48.45,47.94,48.13,120100
639,07/06/2022,48.26,48.65,48.2,48.59,240300
640,06/06/2022,48.53,48.85,48.39,48.44,107000
641,03/06/2022,48.56,48.56,48.16,48.28,194400
642,02/06/2022,48.29,48.81,48.16,48.8,169400
643,01/06/2022,48.7,48.7,48.13,48.42,217800
644,31/05/2022,48.35,48.69,47.94,48.47,289200
645,30/05/2022,48.51,48.74,48.39,48.65,73600
646,27/05/2022,47.77,48.35,47.77,48.26,164500
647,26/05/2022,47.36,47.87,47.35,47.63,158700
648,25/05/2022,47.03,47.41,46.96,47.17,271200
649,24/05/2022,46.92,47,46.23,46.87,251500
650,20/05/2022,46.72,46.85,45.91,46.51,307100
651,19/05/2022,46.1,46.74,46,46.46,415500
652,18/05/2022,47.1,47.1,46.4,46.53,335600
653,17/05/2022,47.21,47.57,47.04,47.41,494000
654,16/05/2022,46.63,46.95,46.28,46.72,222400
655,13/05/2022,46.28,46.75,46.24,46.59,317800
656,12/05/2022,46.22,46.22,45.48,45.94,665100
657,11/05/2022,46.65,47.32,46.4,46.65,669400
658,10/05/2022,47.21,47.5,46.54,46.76,888600
659,09/05/2022,47.12,47.29,46.8,46.95,710800
660,06/05/2022,47.61,47.75,47.23,47.56,554700
661,05/05/2022,48.68,48.68,47.57,47.82,372900
662,04/05/2022,48.21,48.76,48.04,48.73,248900
663,03/05/2022,47.88,48.54,47.84,48.23,300900
664,02/05/2022,48,48,47.25,47.79,481000
665,29/04/2022,48.32,48.54,47.87,47.91,350100
666,28/04/2022,48.07,48.69,47.93,48.48,247900
667,27/04/2022,48.03,48.2,47.58,47.69,571200
668,26/04/2022,48.63,48.88,47.93,47.95,488200
669,25/04/2022,48.76,48.95,48.14,48.85,748100
670,22/04/2022,50.36,50.36,49.18,49.21,192800
671,21/04/2022,50.76,51.18,50.28,50.36,325200
672,20/04/2022,50.48,50.83,50.37,50.59,143100
673,19/04/2022,49.97,50.39,49.97,50.35,84000
674,18/04/2022,49.93,50.07,49.76,49.83,132900
675,14/04/2022,49.92,50.2,49.92,49.99,200600
676,13/04/2022,49.9,49.96,49.51,49.91,261400
677,12/04/2022,50.68,50.69,49.91,49.98,474600
678,11/04/2022,50.65,51,50.54,50.58,155700
679,08/04/2022,50.61,51.02,50.57,50.7,189600
680,07/04/2022,51.03,51.03,50.18,50.49,549600
681,06/04/2022,51.22,51.25,50.81,50.99,241600
682,05/04/2022,51.65,51.86,51.46,51.51,135300
683,04/04/2022,51.25,51.58,51.02,51.55,91000
684,01/04/2022,51.62,51.62,50.96,51.25,222600
685,31/03/2022,51.95,52.24,51.25,51.31,290000
686,30/03/2022,52.14,52.14,51.85,51.97,83100
687,29/03/2022,52.48,52.55,52.11,52.2,166700
688,28/03/2022,52.06,52.26,51.84,52.08,200800
689,25/03/2022,51.9,52.13,51.79,52.07,130900
690,24/03/2022,52.08,52.1,51.77,51.9,220700
691,23/03/2022,52.59,52.62,51.84,51.84,275700
692,22/03/2022,52.81,53.19,52.78,52.9,142700
693,21/03/2022,52.56,52.65,52.42,52.58,317100
694,18/03/2022,52.19,52.56,51.94,52.44,346500
695,17/03/2022,51.94,52.34,51.91,52.34,299500
696,16/03/2022,51.66,52.27,51.43,52.08,808000
697,15/03/2022,51.32,51.38,50.83,51.25,555400
698,14/03/2022,51.38,51.73,51.01,51.22,433200
699,11/03/2022,51.24,51.59,51.08,51.09,449000
700,10/03/2022,50.84,51.33,50.77,51.11,293600
701,09/03/2022,50.97,51.48,50.71,51.19,486000
702,08/03/2022,50.36,50.97,49.88,50.17,1082800
703,07/03/2022,50.75,51.15,50.27,50.37,564000
704,04/03/2022,51.04,51.24,50.8,51.19,407300
705,03/03/2022,51.62,51.81,51.32,51.39,382700
706,02/03/2022,50.97,51.7,50.97,51.55,464500
707,01/03/2022,51.61,51.75,50.59,50.75,520100
708,28/02/2022,51.3,51.78,51.3,51.72,545000
709,25/02/2022,51.37,52.34,51.37,52.17,397300
710,24/02/2022,50.03,51.04,50.03,51,701200
711,23/02/2022,52.56,52.56,51.66,51.73,314100
712,22/02/2022,52.2,52.51,51.95,52.46,463400
713,18/02/2022,52.89,52.89,52.48,52.49,136400
714,17/02/2022,53.46,53.5,52.75,52.79,206700
715,16/02/2022,53.52,53.86,53.47,53.68,235500
716,15/02/2022,53.8,53.89,53.58,53.7,144400
717,14/02/2022,53.97,54,53.27,53.46,262800
718,11/02/2022,54.38,54.68,53.91,54.1,357800
719,10/02/2022,54.33,54.85,54.24,54.34,266400
720,09/02/2022,54.49,54.62,54.13,54.17,164700
721,08/02/2022,53.67,54.24,53.67,54.18,149400
722,07/02/2022,53.18,53.67,53.18,53.47,198500
723,04/02/2022,53.23,53.57,53.16,53.42,402000
724,03/02/2022,53.2,53.38,53.08,53.15,428900
725,02/02/2022,53.17,53.56,53.09,53.44,234300
726,01/02/2022,52.58,53.01,52.47,52.99,289600
727,31/01/2022,51.69,52.48,51.57,52.47,869800
728,28/01/2022,51.63,51.75,51.25,51.72,467700
729,27/01/2022,51.97,52.15,51.41,51.57,925100
730,26/01/2022,51.89,52.14,51.34,51.57,1406400
731,25/01/2022,50.75,51.69,50.3,51.36,1010000
732,24/01/2022,50.74,51.3,50.16,51.29,1217100
733,21/01/2022,52,52.07,51.42,51.66,766500
734,20/01/2022,52.57,52.92,52.27,52.3,462200
735,19/01/2022,53.32,53.32,52.41,52.55,702200
736,18/01/2022,53.33,53.44,53.05,53.22,523100
737,17/01/2022,53.2,53.79,53.2,53.74,87900
738,14/01/2022,52.79,53.2,52.61,53.15,255300
739,13/01/2022,52.95,53.27,52.95,53.01,252400
740,12/01/2022,52.62,52.99,52.6,52.79,174400
741,11/01/2022,51.97,52.55,51.97,52.55,234800
742,10/01/2022,52.07,52.21,51.63,51.93,267000
743,07/01/2022,51.85,52.18,51.83,52.08,205700
744,06/01/2022,51.51,51.85,51.43,51.79,212000
745,05/01/2022,51.66,51.83,51.34,51.34,297800
746,04/01/2022,51.07,51.7,51.07,51.5,259800
747,31/12/2021,50.7,50.74,50.43,50.61,69700
748,30/12/2021,50.99,51.1,50.81,50.81,184500
749,29/12/2021,51.03,51.26,51.03,51.07,207700
750,24/12/2021,50.51,50.6,50.51,50.55,41200
751,23/12/2021,50.18,50.55,50.16,50.47,139100
752,22/12/2021,49.58,50.02,49.56,50.02,131500
753,21/12/2021,49.47,49.76,49.42,49.62,152600
754,20/12/2021,49.05,49.23,48.7,49.02,324900
755,17/12/2021,49.33,49.91,49.22,49.47,395100
756,16/12/2021,49.98,50.25,49.81,49.84,293600
757,15/12/2021,49.42,49.89,49.34,49.81,167700
758,14/12/2021,49.07,49.71,49.07,49.36,220100
759,13/12/2021,49.57,49.61,49.07,49.34,364100
760,10/12/2021,49.58,49.72,49.5,49.61,267900
761,09/12/2021,49.39,49.54,49.33,49.45,278800
762,08/12/2021,49.67,49.68,49.42,49.54,111100
763,07/12/2021,49.49,49.71,49.49,49.64,230700
764,06/12/2021,49.25,49.45,49.09,49.21,248400
765,03/12/2021,49.21,49.25,48.72,48.91,446400
766,02/12/2021,48.32,49.29,48.25,49.06,430300
767,01/12/2021,48.59,48.85,48,48,514200
768,30/11/2021,48.87,48.88,47.97,48.05,602400
769,29/11/2021,49.75,49.8,49.1,49.17,251100
770,26/11/2021,49.59,49.59,49.15,49.45,228400
771,25/11/2021,50.21,50.43,50.21,50.41,53100
772,24/11/2021,49.95,50.21,49.93,50.18,43600
773,23/11/2021,49.87,50.14,49.85,50.06,269600
774,22/11/2021,50.11,50.21,49.89,49.91,473700
775,19/11/2021,49.71,49.85,49.39,49.81,372500
776,18/11/2021,50.13,50.13,49.91,49.95,285100
777,17/11/2021,50.29,50.34,49.93,50.1,84500
778,16/11/2021,50.18,50.37,50.04,50.2,309700
779,15/11/2021,50.4,50.4,50.01,50.06,80100
780,12/11/2021,50.23,50.37,50.1,50.35,90700
781,11/11/2021,50.23,50.23,50.05,50.14,143200
782,10/11/2021,49.98,50.18,49.97,50.02,116300
783,09/11/2021,49.96,50.04,49.78,50.03,72400
784,08/11/2021,50.17,50.29,49.89,50.03,105900
785,05/11/2021,49.94,50.27,49.9,49.9,250900
786,04/11/2021,49.94,49.94,49.49,49.77,851300
787,03/11/2021,49.49,49.91,49.48,49.85,154800
788,02/11/2021,49.22,49.56,49.06,49.45,190400
789,01/11/2021,49.18,49.28,48.98,49.21,240100
790,29/10/2021,49.52,49.57,48.93,48.95,369000
791,28/10/2021,49.51,49.69,49.4,49.58,171100
792,27/10/2021,49.8,49.83,49.39,49.41,374400
793,26/10/2021,49.74,50,49.65,49.82,132200
794,25/10/2021,49.54,49.75,49.27,49.69,131600
795,22/10/2021,49.33,49.6,49.25,49.56,113600
796,21/10/2021,49.18,49.39,49.15,49.32,140100
797,20/10/2021,48.87,49.22,48.84,49.21,87800
798,19/10/2021,48.74,48.9,48.74,48.89,148200
799,18/10/2021,48.53,48.65,48.35,48.64,193400
800,15/10/2021,48.38,48.62,48.35,48.57,190400
801,14/10/2021,47.89,48.17,47.8,48.12,171300
802,13/10/2021,47.77,47.79,47.27,47.7,163800
803,12/10/2021,47.91,47.91,47.57,47.73,96800
804,08/10/2021,47.54,47.94,47.48,47.88,183900
805,07/10/2021,47.51,47.73,47.48,47.61,213700
806,06/10/2021,47.02,47.22,46.84,47.21,200600
807,05/10/2021,47.03,47.42,46.93,47.29,107300
808,04/10/2021,46.91,47.25,46.65,46.88,235800
809,01/10/2021,46.83,47.2,46.49,47.02,538800
810,30/09/2021,47.1,47.24,46.54,46.68,343100
811,29/09/2021,47.14,47.35,47.05,47.05,157500
812,28/09/2021,47.4,47.4,46.91,47.02,466900
813,27/09/2021,47.3,47.52,47.3,47.44,234400
814,24/09/2021,47.14,47.28,47.1,47.18,168900
815,23/09/2021,46.95,47.38,46.95,47.31,231500
816,22/09/2021,46.75,47.01,46.68,46.83,294100
817,21/09/2021,46.61,46.84,46.43,46.53,353900
818,20/09/2021,46.76,46.76,45.83,46.39,621300
819,17/09/2021,47.1,47.65,47.1,47.16,359500
820,16/09/2021,47.67,47.8,47.43,47.67,383300
821,15/09/2021,47.29,47.64,47.14,47.58,246200
822,14/09/2021,47.58,47.72,47.27,47.31,243100
823,13/09/2021,47.59,47.79,47.44,47.57,129300
824,10/09/2021,47.71,47.71,47.37,47.42,90500
825,09/09/2021,47.44,47.84,47.44,47.57,97000
826,08/09/2021,47.64,47.77,47.47,47.51,278800
827,07/09/2021,47.6,47.87,47.55,47.63,129200
828,03/09/2021,47.64,47.64,47.33,47.48,143700
829,02/09/2021,47.57,47.65,47.43,47.57,78700
830,01/09/2021,47.31,47.64,47.31,47.49,124300
831,31/08/2021,47.62,47.87,47.28,47.28,512600
832,30/08/2021,48,48,47.63,47.64,190200
833,27/08/2021,48.16,48.16,47.84,47.98,155000
834,26/08/2021,48.6,48.6,48.09,48.11,574700
835,25/08/2021,48.36,48.74,48.36,48.52,402600
836,24/08/2021,48.43,48.55,48.3,48.37,333700
837,23/08/2021,48.5,48.54,48.39,48.4,105700
838,20/08/2021,48,48.39,47.87,48.37,169900
839,19/08/2021,47.9,48.05,47.69,47.94,264900
840,18/08/2021,48.06,48.28,47.96,48.15,71500
841,17/08/2021,48.29,48.35,47.9,48.09,147900
842,16/08/2021,48.29,48.44,48.08,48.44,123700
843,13/08/2021,48.51,48.56,48.33,48.38,100200
844,12/08/2021,48.54,48.54,48.05,48.44,181700
845,11/08/2021,48.3,48.5,48.18,48.45,105300
846,10/08/2021,47.94,48.19,47.88,48.17,250800
847,09/08/2021,47.73,47.92,47.57,47.86,90700
848,06/08/2021,47.38,47.86,47.38,47.77,220700
849,05/08/2021,47.04,47.25,47.03,47.22,96300
850,04/08/2021,46.55,47.06,46.55,46.91,104400
851,03/08/2021,46.59,46.85,46.4,46.72,187200
852,30/07/2021,46.72,46.83,46.42,46.59,206400
853,29/07/2021,46.64,46.91,46.64,46.85,144100
854,28/07/2021,46.43,46.6,46.16,46.52,163800
855,27/07/2021,46,46.52,45.86,46.35,142700
856,26/07/2021,46.09,46.24,45.97,46.1,119800
857,23/07/2021,46.26,46.57,46.16,46.22,172500
858,22/07/2021,46.18,46.24,45.89,46.06,169300
859,21/07/2021,46.04,46.35,46.01,46.18,137900
860,20/07/2021,45.46,46.01,45.3,45.76,232800
861,19/07/2021,45.92,45.93,45.22,45.43,294200
862,16/07/2021,46.79,46.81,46.28,46.31,104900
863,15/07/2021,46.45,46.8,46.45,46.7,170900
864,14/07/2021,46.56,46.74,46.45,46.63,129000
865,13/07/2021,46.8,46.85,46.42,46.57,171400
866,12/07/2021,46.42,46.68,46.32,46.66,116100
867,09/07/2021,46.22,46.61,46.17,46.4,748400
868,08/07/2021,46.26,46.26,45.68,45.99,508700
869,07/07/2021,46.59,46.73,46.41,46.54,503900
870,06/07/2021,46.88,46.88,46.52,46.64,167700
871,05/07/2021,46.68,46.84,46.57,46.83,45500
872,02/07/2021,46.74,46.95,46.59,46.63,119200
873,30/06/2021,46.56,46.66,46.43,46.56,95900
874,29/06/2021,46.8,46.86,46.56,46.68,60600
875,28/06/2021,46.98,46.98,46.53,46.65,318600
876,25/06/2021,46.72,46.99,46.64,46.94,122600
877,24/06/2021,46.69,46.7,46.52,46.69,124500
878,23/06/2021,46.63,46.63,46.45,46.57,117200
879,22/06/2021,46.72,46.72,46.37,46.65,149000
880,21/06/2021,46.27,46.68,46.27,46.61,221100
881,18/06/2021,46.42,46.48,46.19,46.25,348800
882,17/06/2021,47.09,47.25,46.64,46.71,338600
883,16/06/2021,46.73,47.1,46.73,47.01,363700
884,15/06/2021,46.55,46.87,46.53,46.75,131500
885,14/06/2021,46.53,46.55,46.31,46.45,97300
886,11/06/2021,46.48,46.65,46.38,46.53,69300
887,10/06/2021,46.69,46.75,46.38,46.38,98900
888,09/06/2021,46.68,46.69,46.39,46.49,127000
889,08/06/2021,46.77,46.89,46.64,46.77,130100
890,07/06/2021,47.01,47.01,46.75,46.82,61000
891,04/06/2021,47,47.05,46.7,46.89,228600
892,03/06/2021,46.67,47.03,46.65,46.9,220100
893,02/06/2021,46.88,46.9,46.55,46.7,143000
894,01/06/2021,46.73,46.83,46.55,46.72,328600
895,31/05/2021,46.73,46.74,46.25,46.36,352400
896,28/05/2021,46.83,46.83,46.4,46.63,172100
897,27/05/2021,46.52,46.7,46.42,46.51,297300
898,26/05/2021,46.17,46.37,45.9,46.32,219000
899,25/05/2021,46.13,46.32,45.96,45.96,180100
900,21/05/2021,45.87,46.02,45.75,45.9,106200
901,20/05/2021,45.8,45.97,45.69,45.88,248700
902,19/05/2021,45.64,45.87,45.34,45.8,224800
903,18/05/2021,45.89,46.15,45.89,45.96,211400
904,17/05/2021,45.71,45.96,45.61,45.93,256700
905,14/05/2021,45.32,45.87,45.32,45.78,160300
906,13/05/2021,44.68,45.3,44.68,45.17,251400
907,12/05/2021,44.76,44.88,44.58,44.62,169300
908,11/05/2021,44.88,45.05,44.56,44.82,493700
909,10/05/2021,45.2,45.53,45.12,45.13,105900
910,07/05/2021,44.81,45.22,44.81,45.15,214200
911,06/05/2021,44.86,45.01,44.66,44.99,106100
912,05/05/2021,44.65,44.94,44.62,44.9,86700
913,04/05/2021,44.63,44.69,44.36,44.6,95200
914,03/05/2021,44.02,44.86,44.02,44.66,169100
915,30/04/2021,44.64,44.67,44.47,44.52,84700
916,29/04/2021,44.83,44.9,44.66,44.74,65200
917,28/04/2021,44.56,44.75,44.55,44.56,80900
918,27/04/2021,44.42,44.61,44.3,44.49,89100
919,26/04/2021,44.3,44.57,44.3,44.39,102400
920,23/04/2021,43.97,44.45,43.97,44.42,118700
921,22/04/2021,43.96,44.03,43.77,43.98,119700
922,21/04/2021,43.7,44,43.56,44,149100
923,20/04/2021,43.97,44.02,43.58,43.7,97300
924,19/04/2021,44.32,44.49,44.07,44.13,66500
925,16/04/2021,44.26,44.32,44.19,44.27,51300
926,15/04/2021,44.13,44.22,43.9,44.15,182900
927,14/04/2021,44.14,44.25,43.98,44.02,103600
928,13/04/2021,44.29,44.29,44.06,44.06,82700
929,12/04/2021,44.07,44.43,43.97,44.35,206000
930,09/04/2021,44,44.04,43.91,44.03,72000
931,08/04/2021,43.89,43.95,43.7,43.95,139500
932,07/04/2021,43.96,44.01,43.87,43.98,63300
933,06/04/2021,43.98,43.99,43.78,43.85,143900
934,05/04/2021,43.86,44.02,43.75,43.88,153600
935,01/04/2021,43.46,43.63,43.3,43.62,135600
936,31/03/2021,43.73,43.77,43.33,43.4,158800
937,30/03/2021,43.79,43.9,43.74,43.83,143500
938,29/03/2021,43.64,43.84,43.52,43.72,226300
939,26/03/2021,43.69,43.86,43.63,43.83,95000
940,25/03/2021,43.31,43.69,43.19,43.58,289600
941,24/03/2021,43.43,43.7,43.4,43.43,183900
942,23/03/2021,43.53,43.71,43.28,43.33,144500
943,22/03/2021,43.61,43.65,43.4,43.58,269400
944,19/03/2021,43.77,43.83,43.39,43.72,490500
945,18/03/2021,43.76,44.14,43.72,43.83,350500
946,17/03/2021,43.43,43.7,43.41,43.61,484800
947,16/03/2021,43.28,43.41,43.08,43.33,271200
948,15/03/2021,43.43,43.5,43.05,43.28,388700
949,12/03/2021,43.43,43.53,43.17,43.4,606500
950,11/03/2021,43.33,43.56,43.17,43.28,605900
951,10/03/2021,42.93,43.38,42.93,43.23,692400
952,09/03/2021,42.94,43.15,42.58,42.84,677600
953,08/03/2021,42.26,42.99,42.26,42.8,1130100
954,05/03/2021,41.88,42.29,41.67,42.24,1586900
955,04/03/2021,41.68,41.98,41.27,41.54,913000
956,03/03/2021,41.88,41.96,41.62,41.76,509300
957,02/03/2021,41.41,41.89,41.4,41.67,687400
958,01/03/2021,41.21,41.55,41.07,41.34,710800
959,26/02/2021,41.22,41.41,40.75,40.76,1186300
960,25/02/2021,41.94,42.02,41.14,41.34,879200
961,24/02/2021,41.4,42.07,41.18,41.9,1169300
962,23/02/2021,41.02,41.29,40.79,41.16,623400
963,22/02/2021,40.52,40.92,40.52,40.78,478700
964,19/02/2021,40.52,40.79,40.45,40.7,620000
965,18/02/2021,40.21,40.52,40.14,40.44,390400
966,17/02/2021,40.06,40.42,40.06,40.35,429000
967,16/02/2021,40.17,40.3,40.11,40.2,325300
968,12/02/2021,39.99,40.26,39.94,40.08,403500
969,11/02/2021,39.84,40.02,39.84,39.93,137200
970,10/02/2021,39.88,39.88,39.57,39.73,188700
971,09/02/2021,39.76,39.85,39.6,39.83,142000
972,08/02/2021,39.66,39.83,39.64,39.78,93000
973,05/02/2021,39.63,39.7,39.47,39.57,191100
974,04/02/2021,39.29,39.62,39.29,39.51,305600
975,03/02/2021,39.08,39.15,38.94,39.15,103800
976,02/02/2021,38.9,39.18,38.85,39.05,183600
977,01/02/2021,38.51,38.72,38.44,38.61,188200
978,29/01/2021,38.69,38.75,38.17,38.36,478200
979,28/01/2021,38.73,39.2,38.56,39.02,231500
980,27/01/2021,38.85,38.85,38.49,38.53,285000
981,26/01/2021,39.19,39.19,38.89,39.1,187800
982,25/01/2021,38.91,39.09,38.75,39.08,328800
983,22/01/2021,39.26,39.27,39.07,39.13,197300
984,21/01/2021,39.62,39.66,39.4,39.46,153800
985,20/01/2021,39.76,39.76,39.42,39.66,147800
986,19/01/2021,39.92,40,39.65,39.65,143800
987,18/01/2021,39.67,39.84,39.67,39.83,69100
988,15/01/2021,39.49,39.69,39.36,39.65,287600
989,14/01/2021,39.38,39.72,39.31,39.58,166900
990,13/01/2021,39.5,39.54,39.32,39.4,162100
991,12/01/2021,39.33,39.59,39.28,39.46,260700
992,11/01/2021,39.1,39.38,39.1,39.28,203700
993,08/01/2021,39.36,39.46,39.15,39.32,194000
994,07/01/2021,39.4,39.41,39.19,39.32,284600
995,06/01/2021,38.52,39.22,38.51,39.1,453600
996,05/01/2021,38.19,38.41,38.13,38.32,188300
997,04/01/2021,38.61,38.61,37.98,38.18,475000
998,31/12/2020,38.41,38.72,38.36,38.45,159700
999,30/12/2020,38.63,38.77,38.45,38.46,216200
1000,29/12/2020,38.77,38.81,38.53,38.65,313000
1001,24/12/2020,38.51,38.59,38.32,38.56,165500
1002,23/12/2020,38.18,38.53,38.18,38.45,263900
1003,22/12/2020,38.22,38.28,38,38.11,240200
1004,21/12/2020,37.88,38.2,37.75,38.18,518000
1005,18/12/2020,38.53,38.54,38.17,38.26,282700
1006,17/12/2020,38.6,38.64,38.34,38.53,152100
1007,16/12/2020,38.58,38.65,38.42,38.52,312400
1008,15/12/2020,38.6,38.8,38.44,38.52,233900
1009,14/12/2020,39.06,39.06,38.44,38.44,308000
1010,11/12/2020,38.75,38.88,38.68,38.86,232000
1011,10/12/2020,38.76,39.03,38.72,39.03,164500
1012,09/12/2020,38.97,39.1,38.84,38.99,136900
1013,08/12/2020,38.62,38.86,38.61,38.86,96300
1014,07/12/2020,38.72,38.79,38.5,38.73,190800
1015,04/12/2020,38.57,38.83,38.54,38.82,101800
1016,03/12/2020,38.47,38.75,38.47,38.51,169100
1017,02/12/2020,38.48,38.51,38.21,38.48,358500
1018,01/12/2020,38.53,38.65,38.36,38.37,255400
1019,30/11/2020,38.51,38.52,38,38.01,414600
1020,27/11/2020,38.55,38.84,38.55,38.67,120800
1021,26/11/2020,38.65,38.7,38.57,38.6,38400
1022,25/11/2020,38.74,38.8,38.4,38.71,298300
1023,24/11/2020,38.54,38.95,38.45,38.9,212100
1024,23/11/2020,38.07,38.29,38.05,38.19,183300
1025,20/11/2020,37.68,37.86,37.47,37.85,379600
1026,19/11/2020,37.58,37.74,37.44,37.74,277600
1027,18/11/2020,37.51,37.84,37.5,37.71,347700
1028,17/11/2020,36.75,37.48,36.75,37.44,471800
1029,16/11/2020,36.59,37.03,36.51,37.02,393500
1030,13/11/2020,36,36.26,36,36.16,195200
1031,12/11/2020,36.18,36.27,35.71,35.9,194200
1032,11/11/2020,36.3,36.4,36.21,36.27,285500
1033,10/11/2020,35.42,36.11,35.37,36.05,409600
1034,09/11/2020,34.88,35.78,34.88,35.22,518900
1035,06/11/2020,34.14,34.22,33.75,33.91,166500
1036,05/11/2020,34.14,34.28,33.97,33.99,239900
1037,04/11/2020,33.73,33.99,33.31,33.82,574900
1038,03/11/2020,33.21,33.76,33.21,33.63,327100
1039,02/11/2020,32.86,33,32.62,32.85,331300
1040,30/10/2020,32.62,32.7,32.39,32.7,579600
1041,29/10/2020,32.33,32.85,32.06,32.72,683800
1042,28/10/2020,32.76,32.82,32.29,32.3,431300
1043,27/10/2020,33.59,33.59,32.99,33.08,519900
1044,26/10/2020,34.04,34.05,33.44,33.64,280500
1045,23/10/2020,34.23,34.34,34.16,34.32,366700
1046,22/10/2020,33.78,34.12,33.77,34.04,304500
1047,21/10/2020,33.58,33.84,33.48,33.77,421500
1048,20/10/2020,33.73,33.92,33.58,33.61,604000
1049,19/10/2020,34.08,34.11,33.58,33.67,276000
1050,16/10/2020,34.03,34.16,33.96,33.99,129300
1051,15/10/2020,33.64,34.08,33.57,33.98,134000
1052,14/10/2020,34.12,34.22,33.88,33.88,145900
1053,13/10/2020,34.52,34.52,33.97,34.11,234200
1054,09/10/2020,34.7,34.74,34.4,34.45,305000
1055,08/10/2020,34.75,34.9,34.64,34.7,240300
1056,07/10/2020,34.42,34.66,34.42,34.65,175500
1057,06/10/2020,34.28,34.52,34.08,34.17,698800
1058,05/10/2020,33.94,34.23,33.78,34.14,347200
1059,02/10/2020,33.02,33.77,33.02,33.69,421900
1060,01/10/2020,33.51,33.52,33.22,33.4,407600
1061,30/09/2020,33.45,33.72,33.27,33.34,537400
1062,29/09/2020,33.8,33.8,33.28,33.43,289600
1063,28/09/2020,33.68,34.06,33.68,33.89,281200
1064,25/09/2020,32.91,33.27,32.8,33.27,387800
1065,24/09/2020,32.86,33.23,32.71,33.03,478600
1066,23/09/2020,33.61,33.75,33.07,33.08,326200
1067,22/09/2020,33.4,33.67,33.23,33.43,226600
1068,21/09/2020,33.4,33.42,32.93,33.39,337300
1069,18/09/2020,34.03,34.18,33.86,33.86,219200
1070,17/09/2020,33.9,34.2,33.88,34.08,358600
1071,16/09/2020,34.37,34.58,34.13,34.13,380500
1072,15/09/2020,34.43,34.5,34.32,34.38,173800
1073,14/09/2020,34.3,34.41,34.22,34.31,193800
1074,11/09/2020,33.95,34.26,33.94,34.16,856400
1075,10/09/2020,34.37,34.39,33.81,33.92,800500
1076,09/09/2020,34.11,34.46,34.11,34.31,316500
1077,08/09/2020,33.92,34.02,33.7,33.93,1047200
1078,04/09/2020,34.67,34.86,33.96,34.18,2008100
1079,03/09/2020,34.92,35.14,34.33,34.42,967200
1080,02/09/2020,34.76,35.09,34.76,34.87,438900
1081,01/09/2020,34.57,34.77,34.42,34.71,382700
1082,31/08/2020,35.14,35.15,34.68,34.68,426700
1083,28/08/2020,35.59,35.59,35.12,35.26,358500
1084,27/08/2020,35.31,35.62,35.3,35.46,537700
1085,26/08/2020,34.93,35.27,34.79,35.23,207400
1086,25/08/2020,34.6,34.71,34.41,34.67,388900
1087,24/08/2020,34.25,34.6,34.21,34.6,242900
1088,21/08/2020,33.98,34.05,33.86,34.04,244100
1089,20/08/2020,34.05,34.16,33.97,34.05,252400
1090,19/08/2020,34.08,34.38,34.08,34.19,236300
1091,18/08/2020,34.36,34.36,34.04,34.13,210800
1092,17/08/2020,34.54,34.54,34.29,34.32,143000
1093,14/08/2020,34.24,34.62,34.21,34.47,242000
1094,13/08/2020,34.54,34.64,34.35,34.45,286900
1095,12/08/2020,34.74,35,34.65,34.72,315100
1096,11/08/2020,34.28,34.73,34.28,34.51,536100
1097,10/08/2020,33.71,34.04,33.69,34.01,342700
1098,07/08/2020,33.27,33.62,33.17,33.61,476700
1099,06/08/2020,33.15,33.39,33.06,33.31,231900
1100,05/08/2020,32.68,33.07,32.66,33.07,283400
1101,04/08/2020,32.62,32.91,32.55,32.55,679300
1102,31/07/2020,33.05,33.05,32.45,32.59,334400
1103,30/07/2020,32.69,33.12,32.48,33.12,234000
1104,29/07/2020,32.9,33.08,32.64,33.07,241800
1105,28/07/2020,32.89,32.92,32.73,32.81,109300
1106,27/07/2020,32.77,32.99,32.53,32.95,1625600
1107,24/07/2020,33.23,33.25,32.92,33.08,2845100
1108,23/07/2020,33.42,33.56,33.26,33.34,2753400
1109,22/07/2020,33.49,33.6,33.35,33.49,371700
1110,21/07/2020,33.61,33.83,33.55,33.57,360400
1111,20/07/2020,33.47,33.53,33.28,33.43,383800
1112,17/07/2020,33.6,33.75,33.45,33.6,595500
1113,16/07/2020,33.4,33.83,33.37,33.6,2216200
1114,15/07/2020,33.48,33.87,33.38,33.58,2352500
1115,14/07/2020,32.68,33.22,32.54,33.17,2587000
1116,13/07/2020,32.67,33.02,32.42,32.75,2202400
1117,10/07/2020,31.95,32.56,31.95,32.55,402400
1118,09/07/2020,32.23,32.23,31.65,31.96,405300
1119,08/07/2020,32.26,32.41,31.94,32.28,418400
1120,07/07/2020,32.65,32.65,32.25,32.26,211200
1121,06/07/2020,32.85,33.01,32.6,32.84,335800
1122,03/07/2020,32.48,32.48,32.38,32.42,57200
1123,02/07/2020,32.78,33.06,32.4,32.44,586900
1124,30/06/2020,32.03,32.57,31.99,32.45,434600
1125,29/06/2020,32.04,32.5,31.96,32.21,909100
1126,26/06/2020,32.46,32.57,31.79,31.86,433100
1127,25/06/2020,32.12,32.74,32.12,32.67,446000
1128,24/06/2020,32.79,32.8,32.11,32.37,658400
1129,23/06/2020,33.25,33.42,32.8,33.11,8214500
1130,22/06/2020,33.01,33.03,32.74,32.99,503000
1131,19/06/2020,33.58,33.58,32.99,33.09,2718400
1132,18/06/2020,33.01,33.4,32.85,33.24,1320000
1133,17/06/2020,33.59,33.59,33.1,33.23,1072300
1134,16/06/2020,33.87,33.95,33.14,33.48,2710100
1135,15/06/2020,32.39,33.37,32.23,32.93,2224600
1136,12/06/2020,33.2,33.51,32.82,33.08,4549500
1137,11/06/2020,32.89,33.22,32.34,32.46,1329200
1138,10/06/2020,34.56,34.56,33.91,34,981000
1139,09/06/2020,34.53,34.81,34.2,34.6,303600
1140,08/06/2020,34.99,35.16,34.56,34.95,479600
1141,05/06/2020,34.54,35.02,34.38,34.6,838900
1142,04/06/2020,33.54,33.75,33.07,33.56,501600
1143,03/06/2020,33.03,33.76,33.03,33.55,447000
1144,02/06/2020,32.09,32.74,32.09,32.59,473400
1145,01/06/2020,31.5,32.14,31.45,31.91,393700
1146,29/05/2020,31.84,31.91,31.26,31.42,1374900
1147,28/05/2020,32.63,32.64,31.97,32.08,1076100
1148,27/05/2020,31.79,32.55,31.74,32.53,2146300
1149,26/05/2020,30.37,31.57,30.34,31.53,1079200
1150,25/05/2020,29.58,29.97,29.58,29.97,83600
1151,22/05/2020,29.77,29.77,29.21,29.47,422200
1152,21/05/2020,30.12,30.28,29.72,29.82,820500
1153,20/05/2020,30.04,30.23,29.9,30.11,718900
1154,19/05/2020,30.17,30.18,29.54,29.71,1405700
1155,15/05/2020,29.21,29.41,28.99,29.18,1003600
1156,14/05/2020,29.12,29.58,28.5,29.33,2277500
1157,13/05/2020,30.51,30.54,29.27,29.36,886800
1158,12/05/2020,31.21,31.35,30.52,30.52,746700
1159,11/05/2020,30.68,31.21,30.49,31.16,443900
1160,08/05/2020,30.83,30.91,30.58,30.84,428900
1161,07/05/2020,30.87,31.18,30.37,30.4,705700
1162,06/05/2020,30.84,30.91,30.39,30.62,972700
1163,05/05/2020,31.16,31.21,30.48,30.56,709000
1164,04/05/2020,30.45,30.86,30.19,30.77,1232500
1165,01/05/2020,30.96,30.96,30.51,30.67,761900
1166,30/04/2020,32.16,32.16,31.36,31.4,1403000
1167,29/04/2020,31.75,32.5,31.73,32.46,707300
1168,28/04/2020,31.07,31.5,30.95,31.12,1081100
1169,27/04/2020,29.99,30.75,29.89,30.7,480300
1170,24/04/2020,29.78,29.84,29.41,29.78,469700
1171,23/04/2020,30.04,30.14,29.71,29.72,1064300
1172,22/04/2020,30.28,30.31,29.8,29.97,792700
1173,21/04/2020,30.28,30.61,29.74,29.75,600400
1174,20/04/2020,30.42,31.32,30.21,30.94,976600
1175,17/04/2020,30.64,31.18,30.49,31.14,576500
1176,16/04/2020,30.71,30.74,29.75,29.75,844900
1177,15/04/2020,30.87,31.05,30.51,30.56,527500
1178,14/04/2020,32.01,32.08,31.2,31.58,712900
1179,13/04/2020,32.31,32.31,31.3,31.43,774100
1180,09/04/2020,32.05,32.75,31.93,32.34,1827700
1181,08/04/2020,31.23,31.95,30.82,31.82,1363600
1182,07/04/2020,31.66,32.22,30.89,30.98,2294400
1183,06/04/2020,30.05,30.74,30.05,30.69,1387200
1184,03/04/2020,29.75,29.77,28.86,29.16,918400
1185,02/04/2020,29.55,30.26,29.35,29.7,1479500
1186,01/04/2020,29.9,30.05,29.35,29.41,1449700
1187,31/03/2020,29.93,31.25,29.93,30.85,1492800
1188,30/03/2020,29.44,30.01,28.6,30.01,1356400
1189,27/03/2020,29.7,29.95,29.01,29.16,4277800
1190,26/03/2020,30.19,31.63,30.13,30.76,3016100
1191,25/03/2020,28.59,31.65,28.41,29.95,5668200
1192,24/03/2020,26.33,28.46,26.33,28.42,3257800
1193,23/03/2020,26.96,27.11,24.99,25.05,4595500
1194,20/03/2020,28.59,29.46,26.97,27.24,2033200
1195,19/03/2020,27.28,28.25,26.62,28.25,1842000
1196,18/03/2020,27.31,28.8,26.66,27.72,4031500
1197,17/03/2020,29.6,30.62,28.88,29.66,2604400
1198,16/03/2020,27.3,30.43,27.3,29.17,3754600
1199,13/03/2020,30.74,32.5,29.63,32.5,5831700
1200,12/03/2020,30.81,30.81,27.96,28.57,1161300
1201,11/03/2020,33.27,33.46,32.48,32.51,5364800
1202,10/03/2020,34.28,34.28,33,34,6898400
1203,09/03/2020,34,34.87,32.76,32.77,4938800
1204,06/03/2020,36.94,37.09,36.45,36.68,2716800
1205,05/03/2020,37.87,37.98,37.43,37.69,1372400
1206,04/03/2020,38.4,38.5,38.01,38.48,957700
1207,03/03/2020,38.81,38.9,37.86,37.86,2957000
1208,02/03/2020,37.82,38.58,37.66,38.54,2021600
1209,28/02/2020,37.81,38.2,37.35,38.03,1195200
1210,27/02/2020,39.19,39.22,38.48,39.03,1010200
1211,26/02/2020,40.08,40.39,39.74,39.82,745700
1212,25/02/2020,40.88,40.89,39.91,40.09,936600
1213,24/02/2020,40.78,41.03,40.7,40.85,171300
1214,21/02/2020,41.77,41.87,41.61,41.67,113700
1215,20/02/2020,41.63,41.79,41.63,41.79,65500
1216,19/02/2020,41.71,41.71,41.56,41.66,46900
1217,18/02/2020,41.61,41.66,41.47,41.61,126100
1218,14/02/2020,41.61,41.74,41.59,41.73,228500
1219,13/02/2020,41.45,41.58,41.43,41.58,88600
1220,12/02/2020,41.69,41.69,41.49,41.57,77100
1221,11/02/2020,41.5,41.65,41.5,41.57,96800
1222,10/02/2020,41.32,41.47,41.32,41.45,67300
1223,07/02/2020,41.34,41.53,41.34,41.46,192800
1224,06/02/2020,41.28,41.51,41.28,41.51,137900
1225,05/02/2020,41.09,41.24,41.08,41.19,132700
1226,04/02/2020,40.74,40.9,40.74,40.8,287400
1227,03/02/2020,40.31,40.58,40.31,40.37,194400
1228,31/01/2020,40.48,40.48,40.12,40.25,247400
1229,30/01/2020,40.54,40.74,40.43,40.67,177600
1230,29/01/2020,40.89,40.9,40.74,40.76,85600
1231,28/01/2020,40.73,40.88,40.63,40.82,135300
1232,27/01/2020,40.37,40.67,40.34,40.64,132500
1233,24/01/2020,41.04,41.16,40.88,40.95,125200
1234,23/01/2020,40.89,41.03,40.78,41.03,74500
1235,22/01/2020,40.85,41.08,40.77,40.95,89200
1236,21/01/2020,40.88,40.94,40.79,40.83,84200
1237,20/01/2020,40.86,41.04,40.86,40.98,18300
1238,17/01/2020,40.77,40.94,40.74,40.89,79000
1239,16/01/2020,40.51,40.71,40.5,40.69,114000
1240,15/01/2020,40.31,40.45,40.3,40.41,103900
1241,14/01/2020,40.33,40.4,40.22,40.33,124400
1242,13/01/2020,40.19,40.31,40.09,40.31,147400
1243,10/01/2020,40.17,40.19,40.02,40.12,162200
1244,09/01/2020,40.19,40.26,40.09,40.14,77800
1245,08/01/2020,39.7,40.2,39.7,39.99,217100
1246,07/01/2020,39.71,39.86,39.67,39.69,153200
1247,06/01/2020,39.5,39.68,39.48,39.67,79700
1248,03/01/2020,39.52,39.71,39.45,39.68,174400
1249,02/01/2020,39.7,39.75,39.6,39.74,174100
